"","id","date","lon","lat","x","y","x.se","y.se","u","v","u.se","v.se","s","s.se"
"1","2022227",2022-05-28 18:00:00,-122.33,37.11,-13617.7133087412,4428.66800215599,9.99999995004994e-06,9.99999995004993e-06,-5.39602108942899e-11,3.74350881462049e-11,9.99999999994661e-06,9.99999999994379e-06,0,NA
"2","2022227",2022-05-29 18:00:00,-122.948307174504,37.4527594392281,-13686.5429485607,4476.41870660542,35.1994527312608,34.8403318068895,-2.8679348448928,1.98963570564941,1.46666083173481,1.45169728685249,3.49075419320244,NA
"3","2022227",2022-05-30 18:00:00,-123.935255828998,37.933292360031,-13796.4095702182,4543.73625225543,47.5464295166487,46.3318724342775,-4.57777589861093,2.8048977315808,1.29341076652215,1.27171446348971,5.36902987317242,NA
"4","2022227",2022-05-31 18:00:00,-125.041155913429,38.3497325431611,-13919.5178044852,4602.43479200054,39.2528512383064,37.1721143091015,-5.12950975734488,2.44577248554349,1.27248824067731,1.27004263781332,5.68282461545785,NA
"5","2022227",2022-06-01 18:00:00,-126.016324533259,38.5044482245121,-14028.0730786823,4624.3290313135,12.5865784271354,10.8916280094755,-4.52313642109462,0.91225996753747,1.31095088838833,1.28629896090484,4.61416604887953,NA
"6","2022227",2022-06-02 18:00:00,-126.648552262664,38.544484597851,-14098.452347585,4630.00240517547,3.14239329620123,4.22863202587811,-1.62980055826629,0.735029143182801,0.952685636979634,1.0454716233001,2.94202551104925,NA
"7","2022227",2022-06-03 18:00:00,-126.851903910313,38.7107608005583,-14121.0893494534,4653.59881189067,43.4468911625938,44.0916497751729,-0.943208412533014,0.983183613400321,1.77463215702953,1.78528512505542,1.36240704957043,NA
"8","2022227",2022-06-04 18:00:00,-126.996479084355,38.9322146364559,-14137.1833842091,4685.11162614897,69.9775266865729,70.3257998607401,-0.67058478283929,1.31303392769622,1.72752234543826,1.72179185844891,1.47436509159553,NA
"9","2022227",2022-06-05 18:00:00,-127.171527603614,39.222023195429,-14156.669696237,4726.50154820826,80.2395239397079,80.0337958295146,-0.811929669185119,1.72458008607049,1.55161717005947,1.54464231229615,1.90618793162337,NA
"10","2022227",2022-06-06 18:00:00,-127.466299286914,39.5929531720901,-14189.4835299223,4779.72927832641,72.8108728721499,71.9120379317604,-1.3672430715705,2.21782208852314,1.54327409520399,1.54342738224908,2.60543576104063,NA
"11","2022227",2022-06-07 18:00:00,-127.97004395308,40.0572083961153,-14245.5601296497,4846.75551676131,50.2139177815028,48.5356936748936,-2.33652498999543,2.79275993505417,1.68453711129287,1.68941073055013,3.6412927385124,NA
"12","2022227",2022-06-08 18:00:00,-128.772011420937,40.6262483237643,-14334.8347398043,4929.54096377083,16.0156849931323,12.4653549972728,-3.71977542445992,3.44939362566358,1.63529473036318,1.63476836664838,5.07296995333378,NA
"13","2022227",2022-06-09 18:00:00,-129.84697136951,41.27279663551,-14454.4987339027,5024.47005898409,9.7273444202019,9.59153034180267,-5.47769518834463,4.13017035833833,0.771280226066387,0.711078184198899,6.36435560157041,NA
"14","2022227",2022-06-10 18:00:00,-130.941075304948,41.901104812672,-14576.2938268705,5117.63297647945,12.6814877146828,13.9971048772757,-4.45106035490478,3.5730946820813,1.0743290752602,1.19321263607371,6.38921345568139,NA
"15","2022227",2022-06-11 18:00:00,-131.532893847857,42.3293489416831,-14642.1747657091,5181.66131827255,5.13818229089784,16.4130880946526,-2.59943571416717,2.56762199271667,0.925614372275985,0.949877160845676,3.82775598130264,NA
"16","2022227",2022-06-12 18:00:00,-131.923052896066,42.6344257019489,-14685.6070722842,5227.54265313682,8.51552584592072,8.72551271929546,-1.75382123001488,1.76037954513532,0.855313459736268,0.908950140792577,2.63244747262007,NA
"17","2022227",2022-06-13 18:00:00,-132.141056678121,42.7371656359891,-14709.8751422935,5243.04494003039,11.1332785822646,9.32081372931118,-0.639619404320967,0.155774719491259,0.788251176915339,0.719584902062168,1.19996876484097,NA
"18","2022227",2022-06-14 18:00:00,-132.85248561145,42.7245710198348,-14789.0710488873,5241.14316602257,20.688610426572,18.9973355850263,-4.41955796791823,-0.0501751525091197,1.19350337119979,1.12730307619909,3.30071242359849,NA
"19","2022227",2022-06-15 18:00:00,-134.190006180031,42.8750856724185,-14937.9631575073,5263.8962377369,11.9362847813681,8.02179532420921,-6.20383784352592,0.948044659348156,0.758118797022243,0.734425836791323,6.27586027922053,NA
"20","2022227",2022-06-16 18:00:00,-135.015609526211,43.1986774986555,-15029.8689016013,5313.00317858767,1.86711191011658,1.8672663663346,-2.33281903702408,1.83408343682432,0.542058246364161,0.610682930487169,4.34192037832396,NA
"21","2022227",2022-06-17 18:00:00,-135.696566122895,43.569557817611,-15105.6726431965,5369.610138986,6.54846692378539,5.85014707046586,-3.40485159024396,2.38958266961183,0.595614354728087,0.546111916548804,3.94187924768916,NA
"22","2022227",2022-06-18 18:00:00,-136.545215983749,44.0013106719559,-15200.1439135685,5435.952014447,11.2727512106748,10.9136277124472,-4.18346491154334,3.02464216768911,0.884391645347313,0.933159902163179,4.81001104448071,NA
"23","2022227",2022-06-19 18:00:00,-137.2891092895,44.4180083907672,-15282.9537375692,5500.44315951656,26.3666621569109,28.2230284975152,-3.04989363595309,2.45306387762329,1.50441801872966,1.5096450904065,4.37337017297615,NA
"24","2022227",2022-06-20 18:00:00,-137.708103007405,44.6364463978039,-15329.595904892,5534.43510115856,44.3215667639563,45.484408830867,-1.94342364147388,1.41633090125807,1.36935657648598,1.37713336593433,2.40470124835482,NA
"25","2022227",2022-06-21 18:00:00,-138.088198372569,44.6716780718112,-15371.9079273949,5539.92968113388,41.9324283689543,42.8107322503863,-1.76300094064727,0.228940831812506,1.21887992828537,1.23076563778372,1.77780386138698,NA
"26","2022227",2022-06-22 18:00:00,-138.629047170041,44.5007971679129,-15432.1149401257,5513.31112920856,19.1556629014885,19.5119125232286,-2.50862553347326,-1.10910633071339,1.2977403688574,1.31081813988358,2.74290610661575,NA
"27","2022227",2022-06-23 18:00:00,-139.455164677299,44.1795725533136,-15524.077920369,5463.48490908293,1.40975673408736,1.57182623841412,-5.35860700534028,-2.34911314509068,0.716627887477911,0.485812447524414,4.35812664659532,NA
"28","2022227",2022-06-24 18:00:00,-140.371628504828,44.0249766636676,-15626.09820698,5439.60246806914,14.8335712848183,14.6149035653415,-3.66925134709318,-0.924708331577193,1.35391959342451,1.34535679227981,4.36547634498277,NA
"29","2022227",2022-06-25 18:00:00,-141.094781633104,43.9952739751481,-15706.5992449853,5435.02109522735,40.0481695621879,42.0594762580481,-3.3916801737119,-0.134390803987635,1.4885545350211,1.54175023566867,3.35949445550413,NA
"30","2022227",2022-06-26 18:00:00,-141.916662826301,44.0727799184394,-15798.0906409045,5446.98054694259,58.058538191319,58.1843090851114,-3.81214149551472,0.498310486396466,1.54111499594146,1.49553031621221,3.84471417891487,NA
"31","2022227",2022-06-27 18:00:00,-142.755126034534,44.1657829763281,-15891.4279382939,5461.35209629402,60.7960969991102,57.5628806320237,-3.88905405676641,0.59881455457131,1.40057205183099,1.3801115075164,3.9351816041285,NA
"32","2022227",2022-06-28 18:00:00,-143.536103633215,44.1917126170243,-15978.3659669,5465.36300994863,46.2765142219315,40.366559968697,-3.62241785746696,0.167121400536898,1.46588085413497,1.4891946801249,3.6264782037638,NA
"33","2022227",2022-06-29 18:00:00,-144.185527997758,44.0679871922913,-16050.6595564697,5446.24055457339,17.2640052102678,12.1919063620349,-3.01223289761637,-0.796768975706771,1.47611602785014,1.41022637005754,3.11593042258476,NA
"34","2022227",2022-06-30 18:00:00,-144.771281547083,43.8981188065911,-16115.8653433109,5420.05188949296,1.84148579028,0.986887493151934,-3.76932998403692,0.134347544524743,0.547536498241481,0.40598193405541,2.92791652629986,NA
"35","2022227",2022-07-01 18:00:00,-145.675090431462,43.8474442717987,-16216.4768880944,5412.25395808546,7.00135482572466,5.40039454477279,-4.6082620159077,-0.305876582462276,0.934567524501845,0.839727707755646,4.20469417799807,NA
"36","2022227",2022-07-02 18:00:00,-146.460993544205,43.822898044711,-16303.9632224178,5408.47911812067,41.3572663242681,40.1756169840974,-3.6452639310232,-0.157284998832263,1.64613214176013,1.62202675542941,3.64871128656617,NA
"37","2022227",2022-07-03 18:00:00,-147.097315538578,43.8072456283675,-16374.798262812,5406.07282830439,60.4212420154483,58.6198831151439,-2.95146001730379,-0.100262075977248,1.50825793652154,1.4818419113469,2.95310583212027,NA
"38","2022227",2022-07-04 18:00:00,-147.642093511786,43.7861935914911,-16435.4426693849,5402.83744077804,60.728944356777,57.9911093537434,-2.52685027474947,-0.134807813897231,1.38828001358836,1.36958961610752,2.53036105083402,NA
"39","2022227",2022-07-05 18:00:00,-148.153364561033,43.7454258930611,-16492.3571022445,5396.575307683,43.9518628071161,40.465825725358,-2.37143470336024,-0.260922212592211,1.50173358220147,1.49612359756501,2.38571109781663,NA
"40","2022227",2022-07-06 18:00:00,-148.689165783525,43.6705736561225,-16552.0022214986,5385.08878116069,14.565163101837,11.7175399465171,-2.48521330313609,-0.478605272062189,1.44079339677918,1.39392003812934,2.53093677507902,NA
"41","2022227",2022-07-07 18:00:00,-149.189020067325,43.5306888707893,-16607.6457458421,5363.66122248969,1.67524689223394,1.78039366543919,-1.84954525479227,-1.09447653980353,0.721159074231268,0.7522227891514,2.48438978099696,NA
"42","2022227",2022-07-08 18:00:00,-149.643997390591,43.4787517516293,-16658.2935897905,5355.71823702311,13.6482881971732,6.14010864819768,-2.11751123230556,-0.0230944227285061,0.870597055005421,0.660958227088368,2.13611592106733,NA
"43","2022227",2022-07-09 18:00:00,-150.050148148065,43.4673617429586,-16703.5060852978,5353.97722949831,18.160332286929,11.498012431087,-2.26235567176148,-0.0896898173048995,1.27502239791368,1.07648336901288,1.88527071157875,NA
"44","2022227",2022-07-10 18:00:00,-151.039464855847,43.4422512876201,-16813.6363174414,5350.1401645303,42.8707621127988,38.6006330916804,-4.58875966791715,-0.159877706846619,1.53288854082768,1.47452463750063,4.59154142327051,NA
"45","2022227",2022-07-11 18:00:00,-152.218010552713,43.4135098897113,-16944.8314242931,5345.75023241909,51.7317844571693,46.8506543454482,-5.46646278075677,-0.182913837813113,1.3157955352341,1.25266435853814,5.46951405964988,NA
"46","2022227",2022-07-12 18:00:00,-153.273451603719,43.3885466544763,-17062.3225846534,5341.93907537048,40.9628234623444,34.7378940414247,-4.89546501028034,-0.158798210204384,1.33956103527192,1.30795469262309,4.89803756901042,NA
"47","2022227",2022-07-13 18:00:00,-153.893454373921,43.3747822942375,-17131.3409773227,5339.8383355903,14.2383816216606,8.51777845175195,-2.87576635648785,-0.0875308240204295,1.36224982262065,1.28839554716522,2.87711266758567,NA
"48","2022227",2022-07-14 18:00:00,-154.153781317944,43.3811365116322,-17160.3204401712,5340.80806723656,2.91741562294534,2.18534836097621,-2.56228115324118,-0.345717420992718,0.645332912008588,0.597666733282305,1.20833600286892,NA
"49","2022227",2022-07-15 18:00:00,-155.176638917242,43.3990549076739,-17274.1844272791,5343.54318604224,6.9484090302403,6.70834291395669,-4.54542944277838,-0.0876239359350523,0.660311845576406,0.659506901257812,4.74545074944962,NA
"50","2022227",2022-07-16 18:00:00,-155.442144799707,43.3094897509937,-17303.7404069177,5329.87981310069,7.90384225325219,8.53631749821249,0.335103598295179,-0.925280240901261,0.689867778323182,0.730115043052788,1.35673435848778,NA
"51","2022227",2022-07-17 18:00:00,-155.730380076262,43.0922422602011,-17335.8266111324,5296.82219967759,32.1178282361614,32.4435825345458,-1.50286717888539,-1.41817850909311,1.38558647816054,1.37468757971387,1.91944089289105,NA
"52","2022227",2022-07-18 18:00:00,-156.210314111826,42.8126942363738,-17389.2526235858,5254.45785253566,37.7256429163163,37.1586937293675,-2.22608384782358,-1.76518113044292,1.13783254566922,1.1301946335433,2.84087482126027,NA
"53","2022227",2022-07-19 18:00:00,-156.555704078748,42.4995171672564,-17427.7012588287,5207.22558572628,22.8895300106857,21.6049989607015,-1.60202646405265,-1.96801111658644,1.25995807358666,1.2656018401858,2.53760065861923,NA
"54","2022227",2022-07-20 18:00:00,-156.476083527401,42.1753460195637,-17418.837939596,5158.58554249441,1.13515601391591,1.10194845590477,0.369304972427409,-2.02666846752368,0.915673747931187,0.865001285769636,2.06054624245175,NA
"55","2022227",2022-07-21 18:00:00,-156.023448655427,42.1096278925649,-17368.4508561326,5148.75558426451,2.52950526279007,0.742834947865534,2.59573296996606,-0.414796491329201,0.270278998415839,0.101878329754234,2.13909120021024,NA
"56","2022227",2022-07-22 18:00:00,-155.682459032136,42.0612804791991,-17330.4920649021,5141.53044842796,11.6043465719712,15.8843288479883,1.07013765591029,0.0386788580700115,0.924368656589198,1.08797817499465,1.60999360687539,NA
"57","2022227",2022-07-23 18:00:00,-155.261929430581,42.1511397387041,-17283.6789237934,5154.96362978242,41.7866638155458,44.7665263935813,1.98916540090767,0.58223373081871,1.64316805158192,1.65914523949101,2.02938484449401,NA
"58","2022227",2022-07-24 18:00:00,-154.700383217441,42.3319921764063,-17221.1678852899,5182.05787629995,60.1488206406935,62.0838118546108,2.60462660324549,1.12892693824843,1.50387526381337,1.50833730222108,2.83889406227102,NA
"59","2022227",2022-07-25 18:00:00,-154.076697559744,42.600344760456,-17151.7395154599,5222.40592272294,59.9652111142293,61.1132336622549,2.89284874184673,1.68116860097643,1.38532949311594,1.40074819691733,3.34594969065397,NA
"60","2022227",2022-07-26 18:00:00,-153.461423782091,42.9559333313015,-17083.2475518332,5276.14093197858,42.7618184019511,43.4180899483435,2.85383181671139,2.23895871900271,1.50205694685848,1.51933065050451,3.62726815700655,NA
"61","2022227",2022-07-27 18:00:00,-152.925113209088,43.3980912325164,-17023.5457319394,5343.396066994,12.9646519541523,13.253945063601,2.48757582783947,2.80229729232727,1.43196162308027,1.44608268971151,3.74700744128992,NA
"62","2022227",2022-07-28 18:00:00,-152.496550168476,43.8542357275489,-16975.8383124857,5413.29865791935,2.53417259308812,2.45954564062798,1.79157392786694,2.7455184452463,0.521917714544293,0.504545058921644,3.52617095786623,NA
"63","2022227",2022-07-29 18:00:00,-151.770569935652,44.4054234558338,-16895.0225626416,5498.48867338721,9.41816876438185,9.62843617310517,3.64183400973776,4.19410585871199,0.841889839742674,0.860175073504279,4.89271768889331,NA
"64","2022227",2022-07-30 18:00:00,-151.166842560149,45.0411727144403,-16827.8159386227,5597.75828945694,24.4614622990638,18.0290113572511,2.16608811162756,3.59467925552092,1.55669000923583,1.42776935213943,4.99527799366174,NA
"65","2022227",2022-07-31 18:00:00,-151.010285054293,45.2976061707682,-16810.388036791,5638.11329118472,47.2083436055375,44.921660590292,0.726162578396583,1.68145840796273,1.52110833530187,1.58488541777844,1.83167167775584,NA
"66","2022227",2022-08-01 18:00:00,-151.027210538302,45.3851857450091,-16812.2721730523,5651.93776988052,52.0393021521329,55.2891170785975,-0.0785056754803542,0.576019948296869,1.29816896221154,1.35250500467512,0.581238305043285,NA
"67","2022227",2022-08-02 18:00:00,-151.080660294562,45.4274600397207,-16818.2221727022,5658.61850285375,37.3534290455186,45.5671838452753,-0.247916650003246,0.278363876523345,1.38397763285326,1.35021705720619,0.372556005658258,NA
"68","2022227",2022-08-03 18:00:00,-151.033675605459,45.5470328479956,-16812.9918610361,5677.54226741384,6.27099682837817,17.3097746381755,0.217929654827906,0.788490192642156,1.37111058665677,1.41843314322525,0.817869246751886,NA
"69","2022227",2022-08-04 18:00:00,-150.834839822731,45.803910125491,-16790.8575629514,5718.33353875044,1.3575885500625,0.592985732027196,1.11435642017854,2.15634790220868,0.627566828696786,0.27512797989784,1.93364515600252,NA
"70","2022227",2022-08-05 18:00:00,-150.638001109682,46.2481483858387,-16768.9455776464,5789.32644674322,7.7557819665893,8.84304464871296,0.0680381554383604,2.75224232235075,0.835669047566889,0.896193269585348,3.09608578022983,NA
"71","2022227",2022-08-06 18:00:00,-150.647913537173,46.4142187799917,-16770.0490240272,5816.01432271705,8.81858480207417,7.57443672117509,-0.127267523751906,0.919346112083645,0.71500714075325,0.688333997903297,1.11234515356763,NA
"72","2022227",2022-08-07 18:00:00,-150.577420708166,46.840042826337,-16762.2017981975,5884.82121832701,8.36604024191544,7.43528528999281,0.567284575374785,3.57229553281982,0.652058881429106,0.553089443124189,2.88602060337212,NA
"73","2022227",2022-08-08 18:00:00,-149.523066369392,46.8961373142085,-16644.8316100896,5893.92606061108,18.0852219916243,17.0808042470678,6.58090367245984,-0.623026905925588,1.05463532408521,1.04936798170469,4.90553648742588,NA
"74","2022227",2022-08-09 18:00:00,-148.288705161309,46.6836718569907,-16507.4231489508,5859.49062158999,22.3895478237788,21.5568423271666,4.693634433593,-1.53894536425492,1.15083911477625,1.12771372037011,5.9028819822404,NA
"75","2022227",2022-08-10 18:00:00,-148.106682687493,46.8043417669657,-16487.1604998527,5879.03146692808,4.38623584406745,3.43494854902485,0.569444512544159,1.33577972444135,0.913426709248287,0.881597153502074,1.17322808892254,NA
"76","2022227",2022-08-11 18:00:00,-148.059012525583,47.1755112598285,-16481.8538817028,5939.41535072255,2.750755222639,1.11821093670987,1.93871791241717,1.5241686231549,0.727439030581,0.506266144776596,2.52592360232259,NA
"77","2022227",2022-08-12 18:00:00,-147.710577161146,47.4536373878271,-16443.0662343593,5984.94129376861,13.0402544279807,13.380563811454,1.69274348596265,2.20483257631288,0.768390908823735,0.776316400422221,2.49114937295306,NA
"78","2022227",2022-08-13 18:00:00,-147.355527847666,47.9716632920449,-16403.5423255762,6070.38635186087,4.99856614446816,10.6279644983133,1.55886314719094,4.10046217348631,0.883960943749774,0.886450892309154,3.92377720817447,NA
"79","2022227",2022-08-14 18:00:00,-147.53911198038,48.1149716816311,-16423.9788177476,6094.17616007471,5.4575865544201,6.59484224118862,-1.52818713146715,0.116949056801151,0.468642959771566,0.683809618901918,1.30584530328483,NA
"80","2022227",2022-08-15 18:00:00,-147.454086458359,48.054726909676,-16414.5138199319,6084.16715561521,10.3729533128725,11.1475895569352,-0.026287660990066,-1.95607656561737,0.731515562989867,0.788845927952441,0.574699241071048,NA
"81","2022227",2022-08-16 18:00:00,-147.216584975505,48.1626896547752,-16388.0752757979,6102.11235694422,8.46706120083219,7.45959055805297,1.7180715417003,2.25086421365683,0.819511544117194,0.870212321788962,1.33154128996557,NA
"82","2022227",2022-08-17 18:00:00,-146.797845880172,48.3723569215282,-16341.4614529302,6137.07139970873,1.85367911183877,0.528338989569759,2.64483600180556,0.124298429101666,0.533981679193586,0.449504389033565,2.42817192531978,NA
"83","2022227",2022-08-18 18:00:00,-146.781010865909,48.630179935113,-16339.587387715,6180.25882811923,6.77846496163597,2.80411728087034,-2.05474161357762,1.34195936585244,0.664291656483855,0.27684520421807,1.80127383347188,NA
"84","2022227",2022-08-19 18:00:00,-146.738316172169,48.8083570338207,-16334.8346361483,6210.23477168825,38.7048992008309,35.9046510662983,0.397804129642064,1.23073981526798,1.66695172689242,1.6313765495401,1.26500282883887,NA
"85","2022227",2022-08-20 18:00:00,-146.349465812868,48.937775608881,-16291.5480121561,6232.07496762283,60.6230091794101,58.465267029586,1.803609329416,0.910008163622217,1.5704892232428,1.56172493198855,2.02050220629242,NA
"86","2022227",2022-08-21 18:00:00,-145.89464429635,49.0075631269407,-16240.9175125354,6243.87569028016,64.3352540859709,62.6800040271104,2.10960414726741,0.491696777069812,1.40793076762905,1.39161030590683,2.16661386864509,NA
"87","2022227",2022-08-22 18:00:00,-145.610965976786,49.0041314730612,-16209.3385864525,6243.29502602246,49.740823052433,48.294854327822,1.31578858319629,-0.0241943443892383,1.49920569755242,1.48050880653066,1.31644841864032,NA
"88","2022227",2022-08-23 18:00:00,-145.735545208348,48.9136011750557,-16223.2066830734,6227.991061212,24.0813763675579,22.7980757918156,-0.577837362797347,-0.637665200754933,1.61951422577078,1.60392625001058,0.860674592990508,NA
"89","2022227",2022-08-24 18:00:00,-146.493152076588,48.723526190401,-16307.5430938674,6195.94978194124,2.16301067929583,2.08638104461282,-3.59246323814182,-1.35059581648861,0.956206286602834,0.88451129556708,3.75963021349365,NA
"90","2022227",2022-08-25 18:00:00,-146.890192390774,48.6030615344308,-16351.7414194669,6175.70586004068,4.5920750137436,5.8243712589473,-0.807437989440238,-0.116884474015457,0.778659752801545,0.797025751510431,2.0256010673014,NA
"91","2022227",2022-08-26 18:00:00,-147.276089050364,48.6967373917616,-16394.6992391114,6191.44374999206,18.098903255437,17.2421257926105,-2.30596539986817,0.715367622514089,1.48579926452308,1.50234703388035,1.90625707327804,NA
"92","2022227",2022-08-27 18:00:00,-147.972129119456,48.8207052814385,-16472.1820651744,6212.31616595779,47.8750090342905,47.713575689105,-3.22845108292064,0.869683997411423,1.63702017548428,1.63912850216181,3.34350480354361,NA
"93","2022227",2022-08-28 18:00:00,-148.666446084476,48.9158110044184,-16549.4730761695,6228.36429602974,60.4816718221201,60.4333449085626,-3.22045878842438,0.668672085170744,1.41568655944171,1.41395249708244,3.28910988584793,NA
"94","2022227",2022-08-29 18:00:00,-149.158432924119,48.9317702160193,-16604.2408006356,6231.06026131661,53.4335619894417,53.3792276707366,-2.28198851637938,0.112331885792053,1.39257648810873,1.3914772174956,2.2847332073305,NA
"95","2022227",2022-08-30 18:00:00,-149.247482617081,48.8180952575923,-16614.1537671114,6211.87618292707,31.7129307858355,31.6219379677545,-0.413040266785653,-0.799336600724651,1.55131861596759,1.55139483270678,0.89982406793263,NA
"96","2022227",2022-08-31 18:00:00,-148.732988142057,48.5230340216937,-16556.8805041358,6162.28418196982,3.21967260023838,3.04068515243333,2.38638596035681,-2.06633337437937,1.22080388830027,1.21983227829756,3.15670951452628,NA
"97","2022227",2022-09-01 18:00:00,-148.106735361985,48.2511298050634,-16487.1663635503,6116.84090950342,7.30299254574948,8.29384601914493,2.105394767184,-1.44715952197858,0.752181783766099,0.853255031100544,3.4674270778502,NA
"98","2022227",2022-09-02 18:00:00,-147.831847372214,48.0593515586934,-16456.5659725038,6084.93507233065,28.8208836003259,30.7194657217414,0.909489244425041,-1.19827410004787,1.6387370013102,1.61922580648531,1.84221856302101,NA
"99","2022227",2022-09-03 18:00:00,-147.927028110867,47.9309771256712,-16467.161443864,6063.64438389063,58.3232233482911,55.4435693199982,-0.441477972158208,-0.887112019647725,1.74032986726717,1.6099422285853,0.990886232617329,NA
"100","2022227",2022-09-04 18:00:00,-148.235210720727,47.7890537007482,-16501.468175065,6040.16840922531,73.0331205234103,63.1579221885758,-1.42944713218788,-0.97816561236884,1.54579194399166,1.40803888161533,1.73202786144274,NA
"101","2022227",2022-09-05 18:00:00,-148.67813439324,47.5748246386246,-16550.7742127494,6004.85397217978,69.412199854841,51.873734330203,-2.05441823566398,-1.47143487821121,1.47191178841233,1.44308133069833,2.52692186239418,NA
"102","2022227",2022-09-06 18:00:00,-149.177538319851,47.2283621997358,-16606.3676035599,5948.04789659911,48.4791751250042,26.4267107507809,-2.3163912825865,-2.36691981717485,1.58951924178661,1.57882209012165,3.31173134350403,NA
"103","2022227",2022-09-07 18:00:00,-149.656462522952,46.7063199109546,-16659.6812019777,5863.15481183093,16.7180046919753,3.33596338732364,-2.17840920631924,-3.70557026677347,1.58888913601408,1.08555803044066,4.17696038431457,NA
"104","2022227",2022-09-08 18:00:00,-149.961289816243,46.2862160017938,-16693.6144210467,5795.43679718622,12.8629227562399,9.5176180020308,-0.925884377286026,-1.70003381234419,1.20478924648887,0.984821306577906,3.15594582126163,NA
"105","2022227",2022-09-09 18:00:00,-149.970361377849,46.2548844233228,-16694.6242626654,5790.40735797651,16.2579913847993,13.9626278529047,0.116553097646127,0.0496422214731141,0.781092371909799,0.70199830421836,0.213787442032354,NA
"106","2022227",2022-09-10 18:00:00,-149.811341220245,46.2374711525022,-16676.922219695,5787.61337759193,13.6471814070854,10.3734353538461,0.97954257179506,-0.406319905184479,1.15299230752857,0.989818868996305,0.746673125338124,NA
"107","2022227",2022-09-11 18:00:00,-149.262613700975,45.9884817905247,-16615.8381516656,5747.7599212781,9.02541401423897,9.0820957464017,2.69443148173048,-1.77951153788761,0.629060517718266,0.564818802354774,3.03889851095773,NA
"108","2022227",2022-09-12 18:00:00,-148.717853991993,45.7534909217287,-16555.195778257,5710.31224761369,17.4069924181756,12.0631749973915,1.50234971138388,-1.10968913451659,1.16689421926844,0.878300921285143,2.97004562785217,NA
"109","2022227",2022-09-13 18:00:00,-148.798630475197,45.9120063331354,-16564.1877752354,5735.55544103027,24.9919348997151,17.7430053013402,-0.969124177662609,1.69976727734904,1.06942733128802,0.960215453190616,1.11637995623788,NA
"110","2022227",2022-09-14 18:00:00,-149.200330203818,46.2839850981319,-16608.9047844772,5795.07859011923,8.40098993737089,1.54985859220684,-1.95604131518357,2.50919613946885,1.09423409345102,0.868523199687128,3.10240139277153,NA
"111","2022227",2022-09-15 18:00:00,-149.515133289951,46.2540940543926,-16643.9485037258,5790.2805229843,15.3486305383935,11.3602019620499,-1.13672408195933,-1.3018818214916,1.4273540849822,1.23921009467892,1.4738329515029,NA
"112","2022227",2022-09-16 18:00:00,-149.59110649583,46.2079522685955,-16652.4058023182,5782.87907466237,36.5263677861948,34.241802717717,-0.35238744195167,-0.30839368101123,1.27915951229654,1.26831104332544,0.468400338501089,NA
"113","2022227",2022-09-17 18:00:00,-149.537634598899,46.2678197857168,-16646.4533379801,5792.48343056735,30.7175548850805,30.3236735969702,0.248019346821385,0.400181495109974,1.04933891132894,1.03903364447107,0.470826330339406,NA
"114","2022227",2022-09-18 18:00:00,-149.421814065917,46.3697022572705,-16633.5602552251,5808.85241402111,18.4477064916231,23.1792621525544,0.618516703438176,0.752619929913308,1.20508440945702,1.18868769907605,0.868271425234447,NA
"115","2022227",2022-09-19 18:00:00,-149.18058035843,46.5087432717047,-16606.7062417455,5831.24115039282,12.4676889259913,10.5918267624902,1.31411207276752,0.985524727971031,1.05568315586648,1.16091711608105,1.45699713040021,NA
"116","2022227",2022-09-20 18:00:00,-149.138046810932,46.6070793452525,-16601.9714288963,5847.11028934015,21.4500444687579,15.5153992066877,0.0729719343010011,0.623601826197255,0.93461920601785,0.776610822737708,0.69019699196603,NA
"117","2022227",2022-09-21 18:00:00,-149.154051120205,46.4340951688425,-16603.7530204552,5819.21397647749,4.10606689745032,1.52895596385992,0.0129694688707962,-1.50928111475539,0.921103618691621,0.567197926704289,1.16488711882794,NA
"118","2022227",2022-09-22 18:00:00,-148.853088918997,46.525957723523,-16570.2500614686,5834.0170711234,7.63768484511079,8.88678799133386,1.76060570819822,1.65775597107481,0.842803777780065,0.991229409112967,1.52647360756478,NA
"119","2022227",2022-09-23 18:00:00,-148.716475568894,46.6416029573865,-16555.0423328995,5852.68846590297,35.5851666584526,33.8491830734045,0.407221089884066,0.47332446605271,1.72653838796732,1.65741965330097,1.00372939713904,NA
"120","2022227",2022-09-24 18:00:00,-148.793372740172,46.5729464444781,-16563.6024868497,5841.59875835231,63.0992839204562,58.6963661058836,-0.356673080347234,-0.462071146131062,1.75608982715511,1.66479244767314,0.583739470982943,NA
"121","2022227",2022-09-25 18:00:00,-148.974957929708,46.4475592665391,-16583.8164576845,5821.38206214761,76.4714531952675,68.1873934621704,-0.842248783872707,-0.842362340049293,1.56477045153999,1.46798842424538,1.19141031868445,NA
"122","2022227",2022-09-26 18:00:00,-149.201226881703,46.3479865792042,-16609.0046022029,5805.36088332724,72.3255406179377,59.4628968999636,-1.04950602069235,-0.667549115701983,1.51118419862375,1.47102435804685,1.24405572895321,NA
"123","2022227",2022-09-27 18:00:00,-149.412175340359,46.3572973119628,-16632.4872772041,5806.85772792959,52.6160925532121,36.6910803084672,-0.978444790806172,0.0623685269108683,1.63022847922245,1.61639442575139,0.980430319277803,NA
"124","2022227",2022-09-28 18:00:00,-149.547799049876,46.5580538310889,-16647.584839487,5839.19510199301,20.1540516816335,6.09785053165088,-0.629065094214163,1.34739058778926,1.58056658454087,1.36520987012797,1.48676935889536,NA
"125","2022227",2022-09-29 18:00:00,-149.616779454192,46.7301153677699,-16655.2637029702,5867.00630542026,1.87936384089174,1.03630717822801,-0.133993986700165,-0.855126826368144,0.804295427025939,0.416399499816622,1.20197501188169,NA
"126","2022227",2022-09-30 18:00:00,-149.579458249145,46.7639457115274,-16651.1091254285,5872.48497414962,24.7002335837034,21.8606905895134,0.231460964660488,0.375564867416333,1.12909661614474,1.00674645254585,0.286710827876863,NA
"127","2022227",2022-10-01 18:00:00,-149.411376063622,46.8094324595819,-16632.3983021246,5879.85680387053,15.4512372261014,9.63603174547294,0.784303216453982,0.281107360037435,0.890191814239851,0.894717378194627,0.837941797534352,NA
"128","2022227",2022-10-02 18:00:00,-149.243472776441,46.6885186558815,-16613.7073936933,5860.27464691655,19.1285017794225,22.1558993737798,0.54937270892495,-0.837699010324329,1.48102029889185,1.41947913870426,1.1282486833612,NA
"129","2022227",2022-10-03 18:00:00,-149.288281146705,46.5574117101664,-16618.6954386543,5839.09147910087,37.917354389207,38.9401821975683,-0.207835205477412,-0.882631992007359,1.2797757014988,1.28144943374629,0.906800685590633,NA
"130","2022227",2022-10-04 18:00:00,-149.414930178252,46.4335598768651,-16632.7939443555,5819.12779106347,33.3274758102665,33.8649730230253,-0.587437736315537,-0.831820334578946,1.1387719359995,1.15611866759505,1.0182037369291,NA
"131","2022227",2022-10-05 18:00:00,-149.541994915862,46.3310751996271,-16646.9387262441,5802.64277309627,10.7016804975642,10.0585548232265,-0.585251702906801,-0.684203361623371,1.24417851484719,1.23997129195281,0.90496556535878,NA
"132","2022227",2022-10-06 18:00:00,-149.531793264921,46.2977532803585,-16645.8030836561,5797.2895251069,10.3592106054545,2.18530689130772,0.403649856965004,0.0227438034951256,0.921596836852636,0.456247520035456,0.227850648745687,NA
"133","2022227",2022-10-07 18:00:00,-149.379199184622,46.2919874947604,-16628.8163883391,5796.36357030997,40.614568485678,36.4614999607019,0.739598392905142,-0.0446514010446643,1.72710254691044,1.68475011874125,0.708846153349656,NA
"134","2022227",2022-10-08 18:00:00,-149.189729706063,46.2750128436133,-16607.724742465,5793.63810017474,64.082030000543,61.5007558107461,0.878818577414628,-0.11356125567181,1.63331267583332,1.63772070598001,0.886071388407935,NA
"135","2022227",2022-10-09 18:00:00,-149.014762675899,46.246026152628,-16588.2475017616,5788.98592617746,70.2035363110969,69.2200025556931,0.811551695299726,-0.193840583256847,1.4579986613447,1.455553345415,0.834296572527347,NA
"136","2022227",2022-10-10 18:00:00,-148.898815811234,46.2033063225483,-16575.340355828,5782.13418096716,58.2219314476747,58.6639666409708,0.537797746560437,-0.285489383799774,1.51221609343946,1.49161291999641,0.608820514762131,NA
"137","2022227",2022-10-11 18:00:00,-148.886406829167,46.1451173792671,-16573.9589942631,5772.80999719284,33.4165746528207,34.8295960660151,0.0575567311967611,-0.388507657300593,1.65480134863159,1.63585116071227,0.392892965897063,NA
"138","2022227",2022-10-12 18:00:00,-149.022053446801,46.0697039251502,-16589.0591066659,5760.7405075035,2.70829777158571,3.59893562765004,-0.629171350791302,-0.502895403759302,1.31369491789444,1.32100224657055,0.805671627391832,NA
"139","2022227",2022-10-13 18:00:00,-149.151505777802,46.0416817970027,-16603.4696742349,5756.25995705072,4.89183550248372,4.9520801084986,-0.439985255611927,-0.164966803104686,0.645542083158645,0.591251302862875,0.628786417805348,NA
"140","2022227",2022-10-14 18:00:00,-149.254788705942,45.9855792009402,-16614.9670772031,5747.29639641291,12.0037458944044,6.91036834606241,-0.502313590409421,-0.383429653412775,0.78526497102569,0.51066695115656,0.607494470427603,NA
"141","2022227",2022-10-15 18:00:00,-149.250464154705,45.9668797071421,-16614.4856703615,5744.31079391641,35.8079799452972,32.043854577449,0.107484047720824,-0.0815521024746097,1.55201194500058,1.52147335100666,0.126217853455323,NA
"142","2022227",2022-10-16 18:00:00,-149.126736547814,46.0234070495441,-16600.7123761653,5753.33917952013,50.0347270106175,47.0875460057706,0.573887257512937,0.376182734060517,1.35911077236636,1.32769526952664,0.686094483521558,NA
"143","2022227",2022-10-17 18:00:00,-148.946077426222,46.17475098966,-16580.6014947426,5777.55723979609,44.001191865784,41.0932942383925,0.83795339195405,1.00908584540348,1.28185774652309,1.25265268726121,1.31156118422311,NA
"144","2022227",2022-10-18 18:00:00,-148.752109786889,46.4462363537212,-16559.0091159016,5821.16901333966,19.1215995278226,16.7115655144725,0.899682451044163,1.81715723155428,1.38638703143622,1.35131778230897,2.02786155369458,NA
"145","2022227",2022-10-19 18:00:00,-148.570639564806,46.7931381314033,-16538.8079431852,5877.21533579583,6.24278152456923,4.3534339013268,1.03064982222235,1.82555099129182,0.796160164662442,0.739750165468661,2.48280078728216,NA
"146","2022227",2022-10-20 18:00:00,-148.239658116507,46.8562347074168,-16501.9632568986,5887.44838187583,6.50748646374565,6.72800590606224,1.34801399188669,0.926514507554341,0.613615244771734,0.640085103132925,1.59339163581333,NA
"147","2022227",2022-10-21 18:00:00,-148.22953459905,47.007713505083,-16500.8363120901,5912.06481693706,11.3131988230187,9.95386424240361,-0.196711766299017,0.839462272415955,0.815008008721874,0.749794088220583,1.02676023049121,NA
"148","2022227",2022-10-22 18:00:00,-148.104936018369,47.0686534906551,-16486.9660615352,5921.98783007459,23.4723600565005,21.0666264037995,1.01464068730413,0.288484259601151,1.48466124329186,1.4661725051389,0.710566322283024,NA
"149","2022227",2022-10-23 18:00:00,-147.610811979174,47.0433106794773,-16431.9604251033,5917.85981031177,42.7732803444433,41.6451339890552,2.29190151506922,-0.172000823196308,1.36718892028968,1.36149552695555,2.29830285556605,NA
"150","2022227",2022-10-24 18:00:00,-147.034610175622,46.9615162165531,-16367.8179337378,5904.54998360001,40.8349890370928,40.202025642063,2.67260380396752,-0.554576112735244,1.19467354512599,1.18114999355542,2.72949898708159,NA
"151","2022227",2022-10-25 18:00:00,-146.569624744972,46.834537714756,-16316.0559923715,5883.92818497753,16.4778769748322,16.0168301683024,2.15674755399903,-0.859241609015655,1.2970639161446,1.28527869604932,2.32164581011306,NA
"152","2022227",2022-10-26 18:00:00,-146.343011399088,46.6908513150015,-16290.8295101007,5860.65200652683,1.68638132372599,0.992377947315772,0.374602611108677,-0.383744178647851,0.41662709435207,0.381590730809058,1.43032238428322,NA
"153","2022227",2022-10-27 18:00:00,-146.470754539113,46.460552705801,-16305.0498114006,5823.47487044734,3.51395147609525,4.22722099711181,-0.713193095151563,-2.05034650783881,0.775857374260478,0.737823126359768,1.65856713188889,NA
"154","2022227",2022-10-28 18:00:00,-146.530374261831,46.2962560613853,-16311.6866485748,5797.04907019483,6.70820484225612,16.9410376889942,-0.016237965168934,-0.734290640166082,0.912995725621818,1.24017030427483,1.13512621825406,NA
"155","2022227",2022-10-29 18:00:00,-146.379175421039,46.3611869073195,-16294.8552706093,5807.48311668136,38.5909955406961,43.0172962306907,0.701307414161411,0.434751935863838,1.54916669753953,1.54502113761327,0.825089524926522,NA
"156","2022227",2022-10-30 18:00:00,-146.143799357145,46.551120317816,-16268.6533270317,5838.07626477438,52.41201512283,53.018416888207,1.09174764799948,1.27471450280117,1.35708658761744,1.33314901114011,1.67826352828123,NA
"157","2022227",2022-10-31 18:00:00,-145.894768522559,46.8160548916761,-16240.9313413338,5880.93059425568,45.8204312753972,43.1855374063842,1.15508273634529,1.78559706064593,1.30439948353862,1.33688378931025,2.12658555340361,NA
"158","2022227",2022-11-01 18:00:00,-145.702605369692,47.1064507117036,-16219.5398370074,5928.14818490704,19.7104959668855,15.7020090487149,0.891312679198823,1.96739960939809,1.37387959394377,1.38221289962189,2.15992132828844,NA
"159","2022227",2022-11-02 18:00:00,-145.589280891641,47.3743463327648,-16206.9246138164,5971.93769486807,1.41157746107206,2.43312324909392,0.395651978856399,1.80338265325003,0.432130588645454,0.441708893261018,1.89884093460775,NA
"160","2022227",2022-11-03 18:00:00,-145.735486388892,47.5356429016147,-16223.2001353215,5998.41082795916,6.315955194709,1.33785286419488,-1.02700542783309,0.563887207282537,0.625667547776374,0.187795564573086,1.29484195606458,NA
"161","2022227",2022-11-04 18:00:00,-145.908605201702,47.5557995639174,-16242.4716334102,6001.72483522749,39.9439974772484,37.5249210176926,-0.799289570792698,0.13109923661676,1.63240866897961,1.58680578821104,0.814721092754139,NA
"162","2022227",2022-11-05 18:00:00,-146.04372380129,47.5472929238998,-16257.5129671131,6000.32608088675,60.2033069408212,56.8235903322847,-0.626722237804342,-0.0582814300591069,1.53205305719888,1.48438327378929,0.629402327168277,NA
"163","2022227",2022-11-06 18:00:00,-146.153806457618,47.5471147858403,-16269.7673123607,6000.29679192979,62.1314519530055,57.1735533056046,-0.510597718833172,-0.00122037240165855,1.39369919573059,1.35673793451894,0.510598957269903,NA
"164","2022227",2022-11-07 18:00:00,-146.251021996888,47.5912203846335,-16280.5892966894,6007.55156974061,46.3899859026738,40.0875110582273,-0.450916013879186,0.302282409589105,1.49021863161956,1.47823157373244,0.54287016937986,NA
"165","2022227",2022-11-08 18:00:00,-146.347539245301,47.7153664524998,-16291.3335476356,6028.0050157032,16.6689829825515,11.2990831667257,-0.447677122942386,0.852226915913184,1.48874750390523,1.41132785484459,0.962589035743924,NA
"166","2022227",2022-11-09 18:00:00,-146.395015018641,47.8983418886638,-16296.6185265488,6058.24036422457,2.53616893699299,1.47082988953865,0.496082989775395,0.992570141957926,0.576895860091207,0.576480159091277,1.27886780649322,NA
"167","2022227",2022-11-10 18:00:00,-145.642804334856,47.9804707910174,-16212.8828162606,6071.84651640885,3.34021751637789,4.19907279710337,4.36432743303477,0.0828048522532826,0.67236771528576,0.790144487622073,3.53478731546727,NA
"168","2022227",2022-11-11 18:00:00,-144.673823893789,47.9140585298812,-16105.0164069723,6060.84243110692,30.7442686991814,30.2117599612019,4.50038751076407,-0.480522340967264,1.31420453988854,1.27370984837951,4.51765248431574,NA
"169","2022227",2022-11-12 18:00:00,-143.973577041192,47.6618950806886,-16027.0652839116,6019.18944430788,31.6777634938327,27.7499263620908,3.24796345607949,-1.73554111898222,1.02836676276049,0.979252802701824,3.68252831895084,NA
"170","2022227",2022-11-13 18:00:00,-143.749417039124,47.178584706262,-16002.1119066252,5939.91712322819,29.2356402930993,22.9393403635895,0.168081555824238,-3.89049038093571,1.4412311624254,1.39249207136251,3.46269934601447,NA
"171","2022227",2022-11-14 18:00:00,-143.644682415055,46.5866094787156,-15990.4529016054,5843.80454589316,32.3302002508166,29.7974874782715,0.487609941569715,-4.0053427156486,1.18094725804581,1.12286429510858,4.03394959173777,NA
"172","2022227",2022-11-15 18:00:00,-143.357858010809,46.1550272706879,-15958.5237549776,5774.39725478342,13.2663853053634,12.0151001049463,1.33038111121053,-2.89197045887135,1.06715002968944,1.00772493019509,3.18335433364856,NA
"173","2022227",2022-11-16 18:00:00,-142.840847140832,45.9987020925421,-15900.9703681972,5749.392232452,2.97346027237329,2.47008715236135,3.59931350977134,0.758644795454146,0.564197516155741,0.54425130569473,2.61477920149575,NA
"174","2022227",2022-11-17 18:00:00,-142.070566461984,45.9446714016569,-15815.22311526,5740.76628426323,5.31852159194351,1.95148561505186,3.5672124992644,-1.37836435335156,0.702105964521995,0.616563952300318,3.59078007495349,NA
"175","2022227",2022-11-18 18:00:00,-141.304195615894,45.7611040865673,-15729.9111029144,5711.522973302,3.9808171497992,6.2020614230633,3.71746247102214,-1.23836599128925,0.484474240290658,0.458093857759229,3.75762363883353,NA
"176","2022227",2022-11-19 18:00:00,-140.219465433572,45.4873235146249,-15609.1594913703,5668.08752803034,8.37888872701117,8.64300638557436,5.27043313262416,-1.94275544289147,0.913196921529426,0.938862081526524,5.34701179249522,NA
"177","2022227",2022-11-20 18:00:00,-139.490860103711,45.5029933106852,-15528.0515170609,5670.56780182127,34.570280693128,33.5878578049951,3.37949893086523,0.103344736591495,1.36339492775065,1.32310703721045,3.38107616286501,NA
"178","2022227",2022-11-21 18:00:00,-139.083585561025,45.6107441685587,-15482.713922356,5687.64186076632,38.0978663224984,35.188669576692,1.88906644734586,0.711419118013147,1.12986914844855,1.10191751104412,2.0187350296083,NA
"179","2022227",2022-11-22 18:00:00,-138.911295369959,45.5928058199303,-15463.5346660178,5684.79708571202,17.0345887461638,13.4046629215228,0.79913568206604,-0.118532298626507,1.21214333155305,1.19884099102514,0.807878744956844,NA
"180","2022227",2022-11-23 18:00:00,-138.836663109592,45.334395626497,-15455.226640797,5643.91790304272,7.16308518458291,2.39336679530423,0.22302610812691,-2.1346348137249,0.81367187413783,0.563422818206449,1.73821760187779,NA
"181","2022227",2022-11-24 18:00:00,-138.819595533011,45.0703268523502,-15453.3266868629,5602.33708498371,8.80514090319292,11.461382057175,-0.0149782955481964,-2.36037256264018,0.977287042053415,0.93100731963665,1.73377999428592,NA
"182","2022227",2022-11-25 18:00:00,-138.494514802891,44.6821703260794,-15417.1388655194,5541.56665765796,7.69433678413674,4.00331042627006,3.77477270593505,-1.45272435565896,0.94917516290436,0.726818784883676,2.9475357560839,NA
"183","2022227",2022-11-26 18:00:00,-137.625937464912,44.6832616193685,-15320.4492785409,5541.73693577344,33.4056618531675,31.7200679864467,3.99779385198149,0.24829021407123,1.50640423272909,1.50591006316552,4.02871588745679,NA
"184","2022227",2022-11-27 18:00:00,-136.804556135467,44.8888886187243,-15229.0135272,5573.87943669143,44.3029022070994,44.5203307492935,3.80982297307624,1.33927086939728,1.24968410059586,1.26572738428388,4.03846601006888,NA
"185","2022227",2022-11-28 18:00:00,-135.988246786451,45.1581679210827,-15138.1423861378,5616.14717380662,34.3818180274839,36.1040623956141,3.78629754479438,1.76115571094756,1.26059253920955,1.24533973660546,4.17584620167229,NA
"186","2022227",2022-11-29 18:00:00,-135.141555691058,45.3886297472381,-15043.8891645394,5652.48184758841,8.70353318747437,10.2579791844143,3.9272175671359,1.51394473872207,1.22497553711652,1.2444229241025,4.20873845128603,NA
"187","2022227",2022-11-30 18:00:00,-134.525056663565,45.5233381923346,-14975.2608067243,5673.78910264767,1.90178009247486,2.00637167487818,1.29709783592025,0.361453787360455,0.373320469158989,0.372068627513911,2.99410141111439,NA
"188","2022227",2022-12-01 18:00:00,-134.398862888942,45.2107100434486,-14961.212979992,5624.41792178481,7.09713046287117,6.82727163167322,2.13059346869405,-2.41672925064264,0.770262706129296,0.777607996492956,2.13881404449395,NA
"189","2022227",2022-12-02 18:00:00,-133.991336626803,44.8696379184339,-14915.8473640058,5570.86537348813,19.2971010927361,20.7449323363048,1.53066522291232,-2.18162957518943,1.47295354535593,1.47179649984819,2.92427453535968,NA
"190","2022227",2022-12-03 18:00:00,-133.875729866441,44.5546054821899,-14902.97807831,5521.68449343656,44.00350594758,43.6432612717972,0.536220239573985,-2.04920333585987,1.46119854710634,1.42882094232478,2.11813763393392,NA
"191","2022227",2022-12-04 18:00:00,-133.826003972459,44.2404338420027,-14897.4426171128,5472.90423747903,48.0550480454399,45.7123439881115,0.230644218803584,-2.03251066527539,1.25435392277186,1.23348166428809,2.04553552890842,NA
"192","2022227",2022-12-05 18:00:00,-133.693641780579,43.9091286706785,-14882.7081253123,5421.74699996564,33.297583586024,29.262152212637,0.613937160601114,-2.13155156343596,1.36778826287843,1.37397650278315,2.21821799823739,NA
"193","2022227",2022-12-06 18:00:00,-133.33012612652,43.5422821397316,-14842.2417478071,5365.43517524651,6.74428522581863,2.92140649136112,1.68609906496657,-2.34632603034161,1.20239279496306,1.13054732815648,2.88940729762955,NA
"194","2022227",2022-12-07 18:00:00,-132.785568246046,43.1759319724009,-14781.6218418453,5309.5428702058,2.35383777641818,2.93977703398473,2.76184409269081,-2.09345307834879,0.535094319925766,0.54182282848765,3.43566024622398,NA
"195","2022227",2022-12-08 18:00:00,-132.636577439309,42.8602160069059,-14765.0362611065,5261.64592866706,16.1186493875785,12.6356002545603,-0.432447938323956,-2.01123975636688,1.06535712692682,1.1242495235854,2.11202501108571,NA
"196","2022227",2022-12-09 18:00:00,-132.673050615731,42.5392577826013,-14769.0964365334,5213.20587952358,21.04633816593,21.0546656101367,0.0513096736607547,-2.02531889598442,0.961387498062923,0.934849261080467,2.02544132731861,NA
"197","2022227",2022-12-10 18:00:00,-132.492345360969,42.3190225091774,-14748.9804195896,5180.1122297775,10.3797557815717,10.7835930972462,0.917882472246956,-1.02770110529,1.03125905730614,1.03015242772046,1.61363533665601,NA
"198","2022227",2022-12-11 18:00:00,-132.609568693752,42.2813035221523,-14762.0296613041,5174.45610500051,3.3973362912242,5.79899827326958,-1.00950408990876,0.179479561868237,0.609868238440025,0.74512989254757,0.592595302078497,NA
"199","2022227",2022-12-12 18:00:00,-132.678816934747,42.105124544597,-14769.73834023,5148.08236043763,7.86377014139345,11.068104778555,-0.0480300245519239,-1.9389984011582,1.05191831793423,1.14322812274191,1.14557060679579,NA
"200","2022227",2022-12-13 18:00:00,-132.276044261435,41.7712903149292,-14724.9018913314,5098.30952350319,10.0200780486854,9.57450121091621,1.86818535898165,-2.07386819191414,0.460901547019306,0.508231528711963,2.7911006988331,NA
"201","2022227",2022-12-14 18:00:00,-132.113674371435,41.7818905981899,-14706.8269578565,5099.88594261881,2.00528384326446,2.41794390230762,0.427691232463988,0.365227042671853,0.508893892838135,0.581364311337931,0.755919200151823,NA
"202","2022227",2022-12-15 18:00:00,-131.919488737856,41.8416889832125,-14685.2103120072,5108.78377071081,12.753361043941,12.6798565474139,0.613986889369235,0.352489244960397,1.09638902715654,1.08024533818217,0.97407269907179,NA
"203","2022227",2022-12-16 18:00:00,-131.926330310634,41.7794520482833,-14685.971912405,5099.52327088304,10.1487406669157,10.1329287958778,0.0177586111504709,-0.54833211641185,0.866981995875925,0.865703176548562,0.387090413080175,NA
"204","2022227",2022-12-17 18:00:00,-131.85695628117,41.5027986601095,-14678.2492307708,5058.4679622204,6.72788710671503,6.50328089784504,0.249080984199931,-1.66801529538529,0.913547216361011,0.872583948115607,1.74103273836689,NA
"205","2022227",2022-12-18 18:00:00,-131.843856340093,41.2560159910271,-14676.7909520007,5021.9943493292,12.0623858432812,8.2780192519918,0.0781783831986083,-1.49602118941911,0.927526541389517,0.823037065395297,1.52093611731172,NA
"206","2022227",2022-12-19 18:00:00,-131.635860249566,41.0738079042053,-14653.6369331162,4995.15366336789,13.2743583235211,3.82194740400211,1.49751927705016,-0.742504177254756,0.96525712200267,0.689746269199845,1.47689146902188,NA
"207","2022227",2022-12-20 18:00:00,-130.965654150935,40.8087890470335,-14579.02993149,4956.24773282524,9.28887356861863,8.80451850053944,3.04009655838636,-1.57840444055,0.824312675689592,0.705889608214496,3.50594134933623,NA
"208","2022227",2022-12-21 18:00:00,-130.604627616023,40.7158957391059,-14538.8406414608,4942.64768051609,3.33181393471363,0.690368834017,1.49512332260492,0.386184146792404,0.854003860432683,0.332985690310132,1.76787947973705,NA
"209","2022227",2022-12-22 18:00:00,-130.298116754052,40.7077787741424,-14504.7200083835,4941.46022472037,28.6469702496696,24.0701614610927,1.41960823603959,-0.0611256602385414,1.18881572499914,1.02355243833348,1.42236972317924,NA
"210","2022227",2022-12-23 18:00:00,-129.93966665735,40.7136072048519,-14464.8175261439,4942.31286902739,34.7815037805311,29.7363148418144,1.75816489467722,0.0961788298114428,1.22277300288493,1.19195251999873,1.66270506615054,NA
"211","2022227",2022-12-24 18:00:00,-129.406918018567,40.7932723008426,-14405.5122189538,4953.9746691405,14.1243547485725,9.37720148114292,2.50419709123469,0.50255054416589,1.36269567221638,1.21537931008283,2.51834319561887,NA
"212","2022227",2022-12-25 18:00:00,-128.718928112389,40.9857483188416,-14328.9255329271,4982.20866618151,36.4396504047745,33.9064634723212,3.27372228721387,1.26802620953476,1.57953012773351,1.5207852493452,3.40116391915235,NA
"213","2022227",2022-12-26 18:00:00,-128.017511307878,41.1803373737916,-14250.8441714152,5010.83716019868,46.5683549709192,43.0291014221127,3.25339006025919,1.19285391414524,1.25856828833237,1.20355467436719,3.465305387041,NA
"214","2022227",2022-12-27 18:00:00,-127.501293180072,41.2009811695864,-14193.3790322895,5013.87935537744,31.5231220725448,25.9212305944034,2.39438079416239,0.126758129211765,1.19144716887812,1.17143369377385,2.39786901600587,NA
"215","2022227",2022-12-28 18:00:00,-127.249351492426,40.9790741298253,-14165.3330119112,4981.22825295786,13.7248011786572,8.22771001109941,0.59968678649666,-2.07336820993998,1.27472717289164,1.13354483898608,1.79342723224197,NA
"216","2022227",2022-12-29 18:00:00,-127.101122650319,40.5742864072664,-14148.8322526869,4921.9520942118,2.90372689346572,2.82463960783242,0.656936570145214,-2.59279186131427,0.80760116395437,0.761654217411086,2.56360596822783,NA
"217","2022227",2022-12-30 18:00:00,-127.030733134102,40.145893968493,-14140.9965275845,4859.61158788319,29.3134189356754,27.1604597134019,0.28406752992711,-2.51110828474753,1.55999721085795,1.52013737042403,2.61811531124526,NA
"218","2022227",2022-12-31 18:00:00,-126.951293245684,39.762137891542,-14132.1533196571,4804.1022901942,49.0985967765436,47.2229372965778,0.368466998292237,-2.31288740466637,1.43120998938393,1.41525614010554,2.34199804654321,NA
"219","2022227",2023-01-01 18:00:00,-126.766614792192,39.3602836776616,-14111.5950082538,4746.3083208629,48.5642979621188,46.616457248746,0.856596309790322,-2.40808205642949,1.26573332147103,1.24526836741774,2.55583521240491,NA
"220","2022227",2023-01-02 18:00:00,-126.389655368326,38.8906377618268,-14069.6320771394,4679.18770712502,26.7863638119547,24.164571738948,1.74845546442136,-2.79669224003687,1.35585435259897,1.34108565397617,3.29821963150867,NA
"221","2022227",2023-01-03 18:00:00,-125.789991821408,38.3239177280364,-14002.8778364492,4598.78626264108,8.7746917399291,6.43353881284802,3.12974798495241,-3.47253193109763,1.03093289084142,0.964632010892167,4.35411496335165,NA
"222","2022227",2023-01-04 18:00:00,-125.089022228524,37.9496222792696,-13924.8462583078,4546.03166176452,1.86071728955078,0.68338541149606,3.37755283037274,-1.75605835414543,0.591159264153124,0.577180802367361,3.9244225368133,NA
"223","2022227",2023-01-05 18:00:00,-124.648403055707,37.8546758755546,-13875.796756356,4532.69274088174,1.6998881722518,2.52751980269302,1.97296473486793,-0.00515464346716155,0.605511229543662,0.707740778343364,2.11802649025644,NA
"224","2022227",2023-01-06 18:00:00,-124.47321989598,37.9002358841366,-13856.2954562197,4539.09125328407,9.66367004690516,8.97090816834864,0.326402676141998,0.182831336355357,0.636856845041824,0.603272439500175,0.855198114049778,NA
"225","2022227",2023-01-07 18:00:00,-124.238302355927,37.8112335627414,-13830.1445552826,4526.59535341795,7.80972761914399,3.59669436462533,1.43674223071403,-0.747354177960118,0.578881448326883,0.490834370476768,1.20765083358738,NA
"226","2022227",2023-01-08 18:00:00,-123.974163088266,37.7029654683023,-13800.740706508,4511.41500232444,8.69126506531431,11.5281171388813,1.07067487916461,-0.623681917548161,0.641092860544783,0.827313871932245,1.37876721709234,NA
"227","2022227",2023-01-09 18:00:00,-123.816110327934,37.6016173425435,-13783.1463537094,4497.22515391348,9.12571510065137,14.5863268338109,0.644510354010144,-0.579576873117676,0.720874225372474,0.966570017275668,0.941705271970148,NA
"228","2022227",2023-01-10 18:00:00,-123.520332840949,37.5033245380787,-13750.2205544701,4483.48169296932,4.57772474866661,4.92369472644305,1.47768499442918,-0.534717705819593,0.570092520985103,0.690671283697685,1.48664176930675,NA
"229","2022227",2023-01-11 18:00:00,-123.166379432858,37.6788503627369,-13710.8186413169,4508.03685190683,0.850279936682847,1.02086036450772,0.184203641910558,1.98264593043749,0.547447814863579,0.6301417049194,1.93442568172403,NA
"230","2022227",2023-01-12 18:00:00,-122.900045055768,37.6151222167519,-13681.1704340785,4499.114857252,4.21706851226626,2.305809288881,2.60689769560384,-1.64893930412899,0.78231457867388,0.774707320708609,1.29023818271499,NA
"231","2022227",2023-01-13 18:00:00,-122.47230329453,37.4497445352316,-13633.5544390265,4475.99773381126,13.0592189945322,14.7611573915284,1.49779885573537,-1.56068210118199,0.986369117273801,0.979127003141399,2.20502966324756,NA
"232","2022227",2023-01-14 18:00:00,-122.301560474677,37.0417828318544,-13614.5474352638,4419.19055702055,4.94508708302507,5.13386514548888,0.79146201288924,-2.36939235231896,1.23594068215049,1.28314954307895,2.49629414601077,NA
